"type","Status","Amount_In_Dollars","Original_Date","Traded_Time","Last_Updated","Deposit_Type","Fee_In_Dollars","Market_Title","Market_Ticker","Market_Id","Filled","Remaining","Direction","Order_Type","Price_In_Cents","No_Contracts_Owned","No_Contracts_Average_Price_In_Cents","Yes_Contracts_Owned","Yes_Contracts_Average_Price_In_Cents","Result","Profit_In_Dollars","Credit_Reason","Credit_Type","Introducing_Broker"
"Order","Filled","","2026-04-26T19:58:35.435Z","","","","","","KXXRP15M-26APR261600-00","fa8884d4-f1e9-4f3f-bdc9-aa9862ad642a","2.45","0","","","","","","","","","","","",""
"Order","Canceled","","2026-04-26T19:58:18.265Z","","","","","","KXXRP15M-26APR261600-00","fa8884d4-f1e9-4f3f-bdc9-aa9862ad642a","0","0","","","","","","","","","","","",""
"Order","Filled","","2026-04-26T19:57:18.016Z","","","","","","KXXRP15M-26APR261600-00","fa8884d4-f1e9-4f3f-bdc9-aa9862ad642a","2.45","0","","","","","","","","","","","",""
"Order","Filled","","2026-04-26T19:36:18.896Z","","","","","","KXETH15M-26APR261545-45","56ba1d81-e476-47f9-8fcd-2f56c81946e8","4.43","0","","","","","","","","","","","",""
"Order","Filled","","2026-04-26T19:33:11.658Z","","","","","","KXETH15M-26APR261545-45","56ba1d81-e476-47f9-8fcd-2f56c81946e8","3.29","0","","","","","","","","","","","",""
"Order","Filled","","2026-04-26T19:31:16.417Z","","","","","","KXETH15M-26APR261545-45","56ba1d81-e476-47f9-8fcd-2f56c81946e8","3.29","0","","","","","","","","","","","",""
"Order","Filled","","2026-04-26T18:57:35.598Z","","","","","","KXETH15M-26APR261500-00","f46a45f0-ff44-41c2-bb0e-4d8836745282","4.37","0","","","","","","","","","","","",""
"Order","Filled","","2026-04-26T18:48:49.101Z","","","","","","KXETH15M-26APR261500-00","f46a45f0-ff44-41c2-bb0e-4d8836745282","4.37","0","","","","","","","","","","","",""
"Order","Filled","","2026-04-26T17:44:56.443Z","","","","","","KXSOL15M-26APR261345-45","c5d54967-8c25-44b9-8145-8608f44a557f","18.12","0","","","","","","","","","","","",""
"Order","Filled","","2026-04-26T16:59:12.553Z","","","","","","KXBTC15M-26APR261300-00","fb7158ca-a5e9-4709-b72d-6babc7b8fca5","27.93","0","","","","","","","","","","","",""
"Order","Filled","","2026-04-26T16:38:10.408Z","","","","","","KXHYPE15M-26APR261245-45","794de39f-4067-4a97-8428-0cc5aedfd081","0.29","0","","","","","","","","","","","",""
"Order","Filled","","2026-04-26T16:12:10.067Z","","","","","","KXBTC15M-26APR261215-15","4c88cd0d-845b-4706-896d-ca0042348ab4","0.26","0","","","","","","","","","","","",""
"Order","Filled","","2026-04-26T14:42:39.192Z","","","","","","KXETH15M-26APR261045-45","a8641da1-11fe-4adc-9557-298dbf862001","0.89","0","","","","","","","","","","","",""
"Order","Canceled","","2026-04-26T14:42:26.876Z","","","","","","KXETH15M-26APR261045-45","a8641da1-11fe-4adc-9557-298dbf862001","0","0","","","","","","","","","","","",""
"Order","Canceled","","2026-04-26T14:42:26.875Z","","","","","","KXETH15M-26APR261045-45","a8641da1-11fe-4adc-9557-298dbf862001","0","0","","","","","","","","","","","",""
"Order","Canceled","","2026-04-26T14:42:18.368Z","","","","","","KXETH15M-26APR261045-45","a8641da1-11fe-4adc-9557-298dbf862001","0","0","","","","","","","","","","","",""
"Order","Canceled","","2026-04-26T14:42:18.367Z","","","","","","KXETH15M-26APR261045-45","a8641da1-11fe-4adc-9557-298dbf862001","0","0","","","","","","","","","","","",""
"Order","Filled","","2026-04-26T12:24:22.750Z","","","","","","KXETH15M-26APR260830-30","fac61ca8-42ba-4cfd-93d9-f6ab9618807b","1.54","0","","","","","","","","","","","",""
"Order","Filled","","2026-04-26T12:19:47.989Z","","","","","","KXETH15M-26APR260830-30","fac61ca8-42ba-4cfd-93d9-f6ab9618807b","1.54","0","","","","","","","","","","","",""
"Credit","Applied","0.05","2026-04-26T11:53:37.144Z","","","","","","","","","","","","","","","","","","","Volume Incentive for event KXETH15M-26APR251130","incentive",""
"Order","Filled","","2026-04-26T11:53:14.567Z","","","","","","KXSOL15M-26APR260800-00","1b8b3207-3d08-4eca-ad21-2d72f6e79c56","0.29","0","","","","","","","","","","","",""
"Order","Filled","","2026-04-26T11:50:54.418Z","","","","","","KXETH15M-26APR260800-00","9f5ba1d6-7a6d-4d12-9990-981f86e8b554","0.53","0","","","","","","","","","","","",""
"Credit","Applied","0.02","2026-04-26T11:50:49.755Z","","","","","","","","","","","","","","","","","","","Volume Incentive for event KXETH15M-26APR250630","incentive",""
"Credit","Applied","0.02","2026-04-26T11:47:42.859Z","","","","","","","","","","","","","","","","","","","Volume Incentive for event KXETH15M-26APR251100","incentive",""
"Order","Filled","","2026-04-26T11:43:15.363Z","","","","","","KXETH15M-26APR260745-45","d3dfedcc-c175-4cfb-bc55-c738a23e308c","0.18","0","","","","","","","","","","","",""
"Order","Filled","","2026-04-26T11:33:02.797Z","","","","","","KXETH15M-26APR260745-45","d3dfedcc-c175-4cfb-bc55-c738a23e308c","0.18","0","","","","","","","","","","","",""
"Order","Filled","","2026-04-26T11:17:51.574Z","","","","","","KXBTC15M-26APR260730-30","f3306deb-48e1-43bd-b935-ece2a3c043b7","0.5","0","","","","","","","","","","","",""
"Order","Canceled","","2026-04-26T11:17:41.686Z","","","","","","KXBTC15M-26APR260730-30","f3306deb-48e1-43bd-b935-ece2a3c043b7","0","0","","","","","","","","","","","",""
"Order","Canceled","","2026-04-26T11:17:41.685Z","","","","","","KXBTC15M-26APR260730-30","f3306deb-48e1-43bd-b935-ece2a3c043b7","0","0","","","","","","","","","","","",""
"Order","Filled","","2026-04-26T10:59:23.821Z","","","","","","KXSOL15M-26APR260700-00","4c593fd0-3c34-42ab-b2cc-2e573b8a7027","8.47","0","","","","","","","","","","","",""
"Order","Filled","","2026-04-26T10:44:06.811Z","","","","","","KXETH15M-26APR260645-45","bc1b7e1c-89bc-40a3-8240-d77e7af3977b","7.65","0","","","","","","","","","","","",""
"Order","Canceled","","2026-04-26T09:44:06.654Z","","","","","","KXBTC15M-26APR260545-45","c73b29b7-3f1d-42a1-946a-65e0f2dd4957","0","0","","","","","","","","","","","",""
"Order","Canceled","","2026-04-26T09:44:06.653Z","","","","","","KXBTC15M-26APR260545-45","c73b29b7-3f1d-42a1-946a-65e0f2dd4957","0","0","","","","","","","","","","","",""
"Order","Canceled","","2026-04-26T09:44:02.623Z","","","","","","KXBTC15M-26APR260545-45","c73b29b7-3f1d-42a1-946a-65e0f2dd4957","0","0","","","","","","","","","","","",""
"Order","Canceled","","2026-04-26T09:44:02.623Z","","","","","","KXBTC15M-26APR260545-45","c73b29b7-3f1d-42a1-946a-65e0f2dd4957","0","0","","","","","","","","","","","",""
"Order","Canceled","","2026-04-26T09:43:58.434Z","","","","","","KXBTC15M-26APR260545-45","c73b29b7-3f1d-42a1-946a-65e0f2dd4957","0","0","","","","","","","","","","","",""
"Order","Canceled","","2026-04-26T09:43:58.433Z","","","","","","KXBTC15M-26APR260545-45","c73b29b7-3f1d-42a1-946a-65e0f2dd4957","0","0","","","","","","","","","","","",""
"Order","Canceled","","2026-04-26T09:43:54.667Z","","","","","","KXBTC15M-26APR260545-45","c73b29b7-3f1d-42a1-946a-65e0f2dd4957","0","0","","","","","","","","","","","",""
"Order","Canceled","","2026-04-26T09:43:54.666Z","","","","","","KXBTC15M-26APR260545-45","c73b29b7-3f1d-42a1-946a-65e0f2dd4957","0","0","","","","","","","","","","","",""
"Order","Filled","","2026-04-26T09:28:57.207Z","","","","","","KXBTC15M-26APR260530-30","42b751ba-5308-4806-a6e4-dd7bb114d5f1","0.36","0","","","","","","","","","","","",""
"Order","Canceled","","2026-04-26T09:28:57.206Z","","","","","","KXBTC15M-26APR260530-30","42b751ba-5308-4806-a6e4-dd7bb114d5f1","0","0","","","","","","","","","","","",""
"Order","Canceled","","2026-04-26T09:28:46.657Z","","","","","","KXBTC15M-26APR260530-30","42b751ba-5308-4806-a6e4-dd7bb114d5f1","0","0","","","","","","","","","","","",""
"Order","Canceled","","2026-04-26T09:28:46.657Z","","","","","","KXBTC15M-26APR260530-30","42b751ba-5308-4806-a6e4-dd7bb114d5f1","0","0","","","","","","","","","","","",""
"Order","Canceled","","2026-04-26T09:28:43.070Z","","","","","","KXBTC15M-26APR260530-30","42b751ba-5308-4806-a6e4-dd7bb114d5f1","0","0","","","","","","","","","","","",""
"Order","Canceled","","2026-04-26T09:28:43.070Z","","","","","","KXBTC15M-26APR260530-30","42b751ba-5308-4806-a6e4-dd7bb114d5f1","0","0","","","","","","","","","","","",""
"Order","Canceled","","2026-04-26T09:28:33.695Z","","","","","","KXBTC15M-26APR260530-30","42b751ba-5308-4806-a6e4-dd7bb114d5f1","0","0","","","","","","","","","","","",""
"Order","Canceled","","2026-04-26T09:28:33.694Z","","","","","","KXBTC15M-26APR260530-30","42b751ba-5308-4806-a6e4-dd7bb114d5f1","0","0","","","","","","","","","","","",""
"Order","Canceled","","2026-04-26T09:28:19.380Z","","","","","","KXBTC15M-26APR260530-30","42b751ba-5308-4806-a6e4-dd7bb114d5f1","0","0","","","","","","","","","","","",""
"Order","Canceled","","2026-04-26T09:28:19.380Z","","","","","","KXBTC15M-26APR260530-30","42b751ba-5308-4806-a6e4-dd7bb114d5f1","0","0","","","","","","","","","","","",""
"Order","Canceled","","2026-04-26T09:28:06.664Z","","","","","","KXBTC15M-26APR260530-30","42b751ba-5308-4806-a6e4-dd7bb114d5f1","0","0","","","","","","","","","","","",""
"Order","Canceled","","2026-04-26T09:28:06.663Z","","","","","","KXBTC15M-26APR260530-30","42b751ba-5308-4806-a6e4-dd7bb114d5f1","0","0","","","","","","","","","","","",""
"Order","Canceled","","2026-04-26T09:28:02.559Z","","","","","","KXBTC15M-26APR260530-30","42b751ba-5308-4806-a6e4-dd7bb114d5f1","0","0","","","","","","","","","","","",""
"Order","Canceled","","2026-04-26T09:28:02.559Z","","","","","","KXBTC15M-26APR260530-30","42b751ba-5308-4806-a6e4-dd7bb114d5f1","0","0","","","","","","","","","","","",""
"Order","Filled","","2026-04-26T09:21:46.049Z","","","","","","KXBTC15M-26APR260530-30","42b751ba-5308-4806-a6e4-dd7bb114d5f1","4.25","0","","","","","","","","","","","",""
"Order","Filled","","2026-04-26T09:20:00.147Z","","","","","","KXBTC15M-26APR260530-30","42b751ba-5308-4806-a6e4-dd7bb114d5f1","4.25","0","","","","","","","","","","","",""
"Order","Canceled","","2026-04-26T09:20:00.147Z","","","","","","KXBTC15M-26APR260530-30","42b751ba-5308-4806-a6e4-dd7bb114d5f1","0","0","","","","","","","","","","","",""
"Order","Filled","","2026-04-26T09:14:15.604Z","","","","","","KXBTC15M-26APR260515-15","40abeae9-3294-429f-ab64-24ba6a48034d","9.35","0","","","","","","","","","","","",""
"Order","Filled","","2026-04-26T01:29:41.623Z","","","","","","KXBTC15M-26APR252130-30","399194a5-3042-405c-a831-1c0bc7ee037e","103.3","0","","","","","","","","","","","",""
"Order","Canceled","","2026-04-25T22:21:19.867Z","","","","","","KXETH15M-26APR251830-30","df09dc0f-413a-4865-be12-d2a4bcfcd185","0","0","","","","","","","","","","","",""
"Order","Canceled","","2026-04-25T22:21:19.865Z","","","","","","KXETH15M-26APR251830-30","df09dc0f-413a-4865-be12-d2a4bcfcd185","0","0","","","","","","","","","","","",""
"Order","Filled","","2026-04-25T20:44:25.117Z","","","","","","KXETH15M-26APR251645-45","97e145cd-7bf7-4a50-8a16-38ed02667ff8","5.18","0","","","","","","","","","","","",""
"Order","Filled","","2026-04-25T20:35:45.791Z","","","","","","KXETH15M-26APR251645-45","97e145cd-7bf7-4a50-8a16-38ed02667ff8","5.18","0","","","","","","","","","","","",""
"Order","Filled","","2026-04-25T19:52:03.810Z","","","","","","KXETH15M-26APR251600-00","8c0b020b-8f0b-4ea8-a380-95a1224333a5","1.82","0","","","","","","","","","","","",""
"Order","Canceled","","2026-04-25T19:41:33.272Z","","","","","","KXETH15M-26APR251545-45","b451eea4-03ed-4795-9dba-84b6aa8ff251","0","0","","","","","","","","","","","",""
"Order","Canceled","","2026-04-25T19:41:33.272Z","","","","","","KXETH15M-26APR251545-45","b451eea4-03ed-4795-9dba-84b6aa8ff251","0","0","","","","","","","","","","","",""
"Order","Filled","","2026-04-25T18:28:04.569Z","","","","","","KXBTC15M-26APR251430-30","deb42651-b0c0-4a3a-8957-c49c99e7ac1b","1.52","0","","","","","","","","","","","",""
"Order","Filled","","2026-04-25T18:22:31.129Z","","","","","","KXBTC15M-26APR251430-30","deb42651-b0c0-4a3a-8957-c49c99e7ac1b","1.52","0","","","","","","","","","","","",""
"Order","Canceled","","2026-04-25T18:22:26.593Z","","","","","","KXBTC15M-26APR251430-30","deb42651-b0c0-4a3a-8957-c49c99e7ac1b","0","0","","","","","","","","","","","",""
"Order","Canceled","","2026-04-25T18:22:26.592Z","","","","","","KXBTC15M-26APR251430-30","deb42651-b0c0-4a3a-8957-c49c99e7ac1b","0","0","","","","","","","","","","","",""
"Order","Canceled","","2026-04-25T18:22:23.170Z","","","","","","KXBTC15M-26APR251430-30","deb42651-b0c0-4a3a-8957-c49c99e7ac1b","0","0","","","","","","","","","","","",""
"Order","Canceled","","2026-04-25T18:22:23.168Z","","","","","","KXBTC15M-26APR251430-30","deb42651-b0c0-4a3a-8957-c49c99e7ac1b","0","0","","","","","","","","","","","",""
"Order","Canceled","","2026-04-25T18:22:19.777Z","","","","","","KXBTC15M-26APR251430-30","deb42651-b0c0-4a3a-8957-c49c99e7ac1b","0","0","","","","","","","","","","","",""
"Order","Canceled","","2026-04-25T18:22:19.777Z","","","","","","KXBTC15M-26APR251430-30","deb42651-b0c0-4a3a-8957-c49c99e7ac1b","0","0","","","","","","","","","","","",""
"Order","Canceled","","2026-04-25T18:22:16.588Z","","","","","","KXBTC15M-26APR251430-30","deb42651-b0c0-4a3a-8957-c49c99e7ac1b","0","0","","","","","","","","","","","",""
"Order","Canceled","","2026-04-25T18:22:16.587Z","","","","","","KXBTC15M-26APR251430-30","deb42651-b0c0-4a3a-8957-c49c99e7ac1b","0","0","","","","","","","","","","","",""
"Order","Canceled","","2026-04-25T18:22:10.252Z","","","","","","KXBTC15M-26APR251430-30","deb42651-b0c0-4a3a-8957-c49c99e7ac1b","0","0","","","","","","","","","","","",""
"Order","Canceled","","2026-04-25T18:22:10.251Z","","","","","","KXBTC15M-26APR251430-30","deb42651-b0c0-4a3a-8957-c49c99e7ac1b","0","0","","","","","","","","","","","",""
"Order","Filled","","2026-04-25T18:21:28.382Z","","","","","","KXBTC15M-26APR251430-30","deb42651-b0c0-4a3a-8957-c49c99e7ac1b","5.58","0","","","","","","","","","","","",""
"Order","Filled","","2026-04-25T18:19:23.076Z","","","","","","KXBTC15M-26APR251430-30","deb42651-b0c0-4a3a-8957-c49c99e7ac1b","5.58","0","","","","","","","","","","","",""
"Order","Canceled","","2026-04-25T18:19:04.574Z","","","","","","KXBTC15M-26APR251430-30","deb42651-b0c0-4a3a-8957-c49c99e7ac1b","0","0","","","","","","","","","","","",""
"Order","Canceled","","2026-04-25T18:19:04.573Z","","","","","","KXBTC15M-26APR251430-30","deb42651-b0c0-4a3a-8957-c49c99e7ac1b","0","0","","","","","","","","","","","",""
"Order","Filled","","2026-04-25T18:01:14.916Z","","","","","","KXBTC15M-26APR251415-15","ea864083-a8d5-4bf3-a85e-c4e8b46d02d2","1.52","0","","","","","","","","","","","",""
"Order","Filled","","2026-04-25T16:17:23.519Z","","","","","","KXBTC15M-26APR251230-30","87b8f513-abd0-44a1-809f-d628c2417bfa","1.54","0","","","","","","","","","","","",""
"Order","Canceled","","2026-04-25T16:17:17.904Z","","","","","","KXBTC15M-26APR251230-30","87b8f513-abd0-44a1-809f-d628c2417bfa","0","0","","","","","","","","","","","",""
"Order","Canceled","","2026-04-25T16:17:17.903Z","","","","","","KXBTC15M-26APR251230-30","87b8f513-abd0-44a1-809f-d628c2417bfa","0","0","","","","","","","","","","","",""
"Order","Canceled","","2026-04-25T16:17:13.196Z","","","","","","KXBTC15M-26APR251230-30","87b8f513-abd0-44a1-809f-d628c2417bfa","0","0","","","","","","","","","","","",""
"Order","Canceled","","2026-04-25T16:17:13.195Z","","","","","","KXBTC15M-26APR251230-30","87b8f513-abd0-44a1-809f-d628c2417bfa","0","0","","","","","","","","","","","",""
"Order","Filled","","2026-04-25T16:05:54.678Z","","","","","","KXBTC15M-26APR251215-15","a54bdb93-29df-48ea-a56f-690623968781","3.4","0","","","","","","","","","","","",""
"Order","Canceled","","2026-04-25T16:05:49.155Z","","","","","","KXBTC15M-26APR251215-15","a54bdb93-29df-48ea-a56f-690623968781","0","0","","","","","","","","","","","",""
"Order","Canceled","","2026-04-25T16:05:49.154Z","","","","","","KXBTC15M-26APR251215-15","a54bdb93-29df-48ea-a56f-690623968781","0","0","","","","","","","","","","","",""
"Order","Canceled","","2026-04-25T16:05:44.363Z","","","","","","KXBTC15M-26APR251215-15","a54bdb93-29df-48ea-a56f-690623968781","0","0","","","","","","","","","","","",""
"Order","Canceled","","2026-04-25T16:05:44.361Z","","","","","","KXBTC15M-26APR251215-15","a54bdb93-29df-48ea-a56f-690623968781","0","0","","","","","","","","","","","",""
"Order","Filled","","2026-04-25T15:43:19.331Z","","","","","","KXBTC15M-26APR251145-45","f5a02725-14cc-403f-bedc-7962d1f4da84","2.09","0","","","","","","","","","","","",""
"Order","Filled","","2026-04-25T15:41:43.969Z","","","","","","KXBTC15M-26APR251145-45","f5a02725-14cc-403f-bedc-7962d1f4da84","2.09","0","","","","","","","","","","","",""
"Order","Canceled","","2026-04-25T15:21:58.090Z","","","","","","KXETH15M-26APR251130-30","43ad8c31-df01-42b0-b361-0743aa909332","0","0","","","","","","","","","","","",""
"Order","Canceled","","2026-04-25T15:21:58.090Z","","","","","","KXETH15M-26APR251130-30","43ad8c31-df01-42b0-b361-0743aa909332","0","0","","","","","","","","","","","",""
"Order","Canceled","","2026-04-25T15:21:53.864Z","","","","","","KXETH15M-26APR251130-30","43ad8c31-df01-42b0-b361-0743aa909332","0","0","","","","","","","","","","","",""
"Order","Canceled","","2026-04-25T15:21:53.863Z","","","","","","KXETH15M-26APR251130-30","43ad8c31-df01-42b0-b361-0743aa909332","0","0","","","","","","","","","","","",""
"Order","Canceled","","2026-04-25T15:20:19.853Z","","","","","","KXETH15M-26APR251130-30","43ad8c31-df01-42b0-b361-0743aa909332","0","0","","","","","","","","","","","",""
"Order","Canceled","","2026-04-25T15:20:19.853Z","","","","","","KXETH15M-26APR251130-30","43ad8c31-df01-42b0-b361-0743aa909332","0","0","","","","","","","","","","","",""
"Order","Canceled","","2026-04-25T15:20:07.650Z","","","","","","KXETH15M-26APR251130-30","43ad8c31-df01-42b0-b361-0743aa909332","0","0","","","","","","","","","","","",""
"Order","Canceled","","2026-04-25T15:20:07.649Z","","","","","","KXETH15M-26APR251130-30","43ad8c31-df01-42b0-b361-0743aa909332","0","0","","","","","","","","","","","",""
"Order","Filled","","2026-04-25T15:19:02.669Z","","","","","","KXETH15M-26APR251130-30","43ad8c31-df01-42b0-b361-0743aa909332","8.23","0","","","","","","","","","","","",""
"Order","Filled","","2026-04-25T15:18:28.522Z","","","","","","KXETH15M-26APR251130-30","43ad8c31-df01-42b0-b361-0743aa909332","8.23","0","","","","","","","","","","","",""
"Order","Canceled","","2026-04-25T15:18:23.737Z","","","","","","KXETH15M-26APR251130-30","43ad8c31-df01-42b0-b361-0743aa909332","0","0","","","","","","","","","","","",""
"Order","Canceled","","2026-04-25T15:18:23.736Z","","","","","","KXETH15M-26APR251130-30","43ad8c31-df01-42b0-b361-0743aa909332","0","0","","","","","","","","","","","",""
"Order","Canceled","","2026-04-25T15:18:19.420Z","","","","","","KXETH15M-26APR251130-30","43ad8c31-df01-42b0-b361-0743aa909332","0","0","","","","","","","","","","","",""
"Order","Canceled","","2026-04-25T15:18:19.419Z","","","","","","KXETH15M-26APR251130-30","43ad8c31-df01-42b0-b361-0743aa909332","0","0","","","","","","","","","","","",""
"Order","Filled","","2026-04-25T15:18:00.396Z","","","","","","KXETH15M-26APR251130-30","43ad8c31-df01-42b0-b361-0743aa909332","8.97","0","","","","","","","","","","","",""
"Order","Filled","","2026-04-25T15:15:42.983Z","","","","","","KXETH15M-26APR251130-30","43ad8c31-df01-42b0-b361-0743aa909332","8.97","0","","","","","","","","","","","",""
"Order","Filled","","2026-04-25T14:55:38.344Z","","","","","","KXMJSCHEDULE-27","70f79021-ff47-4728-9a96-b84c92eecad7","12.47","0","","","","","","","","","","","",""
"Order","Filled","","2026-04-25T14:55:08.962Z","","","","","","KXETH15M-26APR251100-00","4e1c57ba-e57e-45f0-840b-4aa9e23b912b","8.97","0","","","","","","","","","","","",""
"Order","Filled","","2026-04-25T14:54:19.520Z","","","","","","KXETH15M-26APR251100-00","4e1c57ba-e57e-45f0-840b-4aa9e23b912b","8.97","0","","","","","","","","","","","",""
"Order","Canceled","","2026-04-25T14:54:15.514Z","","","","","","KXETH15M-26APR251100-00","4e1c57ba-e57e-45f0-840b-4aa9e23b912b","0","0","","","","","","","","","","","",""
"Order","Canceled","","2026-04-25T14:54:15.513Z","","","","","","KXETH15M-26APR251100-00","4e1c57ba-e57e-45f0-840b-4aa9e23b912b","0","0","","","","","","","","","","","",""
"Order","Filled","","2026-04-25T14:53:43.851Z","","","","","","KXETH15M-26APR251100-00","4e1c57ba-e57e-45f0-840b-4aa9e23b912b","4.86","0","","","","","","","","","","","",""
"Order","Filled","","2026-04-25T14:52:17.908Z","","","","","","KXETH15M-26APR251100-00","4e1c57ba-e57e-45f0-840b-4aa9e23b912b","4.86","0","","","","","","","","","","","",""
"Order","Filled","","2026-04-25T14:42:21.045Z","","","","","","KXETH15M-26APR251045-45","d50556f6-10a8-4c34-8cbe-082714a1f937","7.5","0","","","","","","","","","","","",""
"Order","Canceled","","2026-04-25T14:41:27.068Z","","","","","","KXBTC15M-26APR251045-45","082f4bb9-32bc-4079-943d-a2a0d2b50692","0","0","","","","","","","","","","","",""
"Order","Canceled","","2026-04-25T14:41:27.067Z","","","","","","KXBTC15M-26APR251045-45","082f4bb9-32bc-4079-943d-a2a0d2b50692","0","0","","","","","","","","","","","",""
"Order","Filled","","2026-04-25T13:28:46.492Z","","","","","","KXETH15M-26APR250930-30","16e1f79e-b89c-41e2-a384-baa93870800f","7.42","0","","","","","","","","","","","",""
"Order","Filled","","2026-04-25T13:26:40.377Z","","","","","","KXETH15M-26APR250930-30","16e1f79e-b89c-41e2-a384-baa93870800f","7.42","0","","","","","","","","","","","",""
"Order","Filled","","2026-04-25T12:59:19.607Z","","","","","","KXBTC15M-26APR250900-00","1843140b-e2a9-475a-84da-1cd8df94b65d","6.15","0","","","","","","","","","","","",""
"Order","Filled","","2026-04-25T11:58:39.615Z","","","","","","KXETH15M-26APR250800-00","1ff8f184-12d9-4270-b81a-774a1dbc9385","2.23","0","","","","","","","","","","","",""
"Order","Filled","","2026-04-25T11:37:46.529Z","","","","","","KXETH15M-26APR250745-45","4812efab-4ab4-441d-b371-0ab5cc0c24a9","4.94","0","","","","","","","","","","","",""
"Order","Filled","","2026-04-25T11:32:35.865Z","","","","","","KXETH15M-26APR250745-45","4812efab-4ab4-441d-b371-0ab5cc0c24a9","4.94","0","","","","","","","","","","","",""
"Order","Canceled","","2026-04-25T11:32:30.755Z","","","","","","KXETH15M-26APR250745-45","4812efab-4ab4-441d-b371-0ab5cc0c24a9","0","0","","","","","","","","","","","",""
"Order","Canceled","","2026-04-25T11:32:30.754Z","","","","","","KXETH15M-26APR250745-45","4812efab-4ab4-441d-b371-0ab5cc0c24a9","0","0","","","","","","","","","","","",""
"Order","Filled","","2026-04-25T10:57:14.570Z","","","","","","KXETH15M-26APR250700-00","41643a88-85e6-4c0d-ae4b-127e789639e8","3.98","0","","","","","","","","","","","",""
"Order","Filled","","2026-04-25T10:48:45.803Z","","","","","","KXETH15M-26APR250700-00","41643a88-85e6-4c0d-ae4b-127e789639e8","3.98","0","","","","","","","","","","","",""
"Order","Filled","","2026-04-25T10:22:26.919Z","","","","","","KXETH15M-26APR250630-30","962d4832-deb5-460d-8a8e-b2102c4750c9","7.09","0","","","","","","","","","","","",""
"Order","Filled","","2026-04-25T10:14:12.073Z","","","","","","KXSOL15M-26APR250615-15","a87164bb-e0b7-4990-96b2-99461c1da06f","5.55","0","","","","","","","","","","","",""
"Order","Canceled","","2026-04-25T10:13:33.929Z","","","","","","KXSOL15M-26APR250615-15","a87164bb-e0b7-4990-96b2-99461c1da06f","0","0","","","","","","","","","","","",""
"Order","Canceled","","2026-04-25T10:13:33.928Z","","","","","","KXSOL15M-26APR250615-15","a87164bb-e0b7-4990-96b2-99461c1da06f","0","0","","","","","","","","","","","",""
"Order","Filled","","2026-04-25T10:11:55.010Z","","","","","","KXSOL15M-26APR250615-15","a87164bb-e0b7-4990-96b2-99461c1da06f","4.25","0","","","","","","","","","","","",""
"Order","Filled","","2026-04-25T10:08:59.807Z","","","","","","KXSOL15M-26APR250615-15","a87164bb-e0b7-4990-96b2-99461c1da06f","4.25","0","","","","","","","","","","","",""
"Order","Filled","","2026-04-25T05:21:07.363Z","","","","","","KXETH15M-26APR250130-30","6c3fc33a-c615-4cb5-9e7f-e6d7591a3405","7.29","0","","","","","","","","","","","",""
"Order","Filled","","2026-04-25T05:17:55.392Z","","","","","","KXETH15M-26APR250130-30","6c3fc33a-c615-4cb5-9e7f-e6d7591a3405","7.29","0","","","","","","","","","","","",""
"Order","Filled","","2026-04-25T04:52:25.511Z","","","","","","KXBTC15M-26APR250100-00","dd309691-c5bb-4598-bbd7-dc8de0e5f8b4","4.31","0","","","","","","","","","","","",""
"Order","Filled","","2026-04-25T04:51:41.676Z","","","","","","KXBTC15M-26APR250100-00","dd309691-c5bb-4598-bbd7-dc8de0e5f8b4","4.31","0","","","","","","","","","","","",""
"Order","Filled","","2026-04-25T02:42:44.859Z","","","","","","KXBTC15M-26APR242245-45","0c86264d-6d6b-4030-ba94-5ef0f285c6f1","4.1","0","","","","","","","","","","","",""
"Order","Filled","","2026-04-25T02:39:18.894Z","","","","","","KXBTC15M-26APR242245-45","0c86264d-6d6b-4030-ba94-5ef0f285c6f1","4.1","0","","","","","","","","","","","",""
"Order","Canceled","","2026-04-25T02:39:14.719Z","","","","","","KXBTC15M-26APR242245-45","0c86264d-6d6b-4030-ba94-5ef0f285c6f1","0","0","","","","","","","","","","","",""
"Order","Canceled","","2026-04-25T02:39:14.718Z","","","","","","KXBTC15M-26APR242245-45","0c86264d-6d6b-4030-ba94-5ef0f285c6f1","0","0","","","","","","","","","","","",""
"Order","Canceled","","2026-04-25T02:39:09.139Z","","","","","","KXBTC15M-26APR242245-45","0c86264d-6d6b-4030-ba94-5ef0f285c6f1","0","0","","","","","","","","","","","",""
"Order","Canceled","","2026-04-25T02:39:09.139Z","","","","","","KXBTC15M-26APR242245-45","0c86264d-6d6b-4030-ba94-5ef0f285c6f1","0","0","","","","","","","","","","","",""
"Order","Canceled","","2026-04-25T02:39:04.895Z","","","","","","KXBTC15M-26APR242245-45","0c86264d-6d6b-4030-ba94-5ef0f285c6f1","0","0","","","","","","","","","","","",""
"Order","Canceled","","2026-04-25T02:39:04.894Z","","","","","","KXBTC15M-26APR242245-45","0c86264d-6d6b-4030-ba94-5ef0f285c6f1","0","0","","","","","","","","","","","",""
"Order","Canceled","","2026-04-25T01:54:27.884Z","","","","","","KXBTC15M-26APR242200-00","0e89bae6-ef90-442a-8bf9-0dbd5fc51c22","0","0","","","","","","","","","","","",""
"Order","Canceled","","2026-04-25T01:54:27.883Z","","","","","","KXBTC15M-26APR242200-00","0e89bae6-ef90-442a-8bf9-0dbd5fc51c22","0","0","","","","","","","","","","","",""
"Order","Filled","","2026-04-25T01:22:37.995Z","","","","","","KXETH15M-26APR242130-30","9065114a-56f8-4a4b-afd0-e9e28bd52465","4.79","0","","","","","","","","","","","",""
"Order","Canceled","","2026-04-24T23:44:40.074Z","","","","","","KXSOL15M-26APR241945-45","aa2d7513-0b95-4b46-9d3d-cb00ca8c7507","0","0","","","","","","","","","","","",""
"Order","Canceled","","2026-04-24T23:44:40.073Z","","","","","","KXSOL15M-26APR241945-45","aa2d7513-0b95-4b46-9d3d-cb00ca8c7507","0","0","","","","","","","","","","","",""
"Order","Filled","","2026-04-24T18:11:02.004Z","","","","","","KXBTC15M-26APR241415-15","32aae1cf-0edc-49ca-93ac-e50c009eddf6","3.04","0","","","","","","","","","","","",""
"Order","Filled","","2026-04-24T17:14:10.271Z","","","","","","KXBTC15M-26APR241315-15","1930e551-5a18-4a0e-b0bd-02504def624b","9.87","0","","","","","","","","","","","",""
"Order","Filled","","2026-04-24T17:12:32.881Z","","","","","","KXBTC15M-26APR241315-15","1930e551-5a18-4a0e-b0bd-02504def624b","2.62","0","","","","","","","","","","","",""
"Order","Filled","","2026-04-24T17:11:50.182Z","","","","","","KXBTC15M-26APR241315-15","1930e551-5a18-4a0e-b0bd-02504def624b","2.62","0","","","","","","","","","","","",""
"Order","Filled","","2026-04-24T12:58:54.972Z","","","","","","KXBTC15M-26APR240900-00","85bd0332-5a3f-4c3f-8899-0590b5c0e671","0.53","0","","","","","","","","","","","",""
"Order","Filled","","2026-04-24T12:37:37.036Z","","","","","","KXBTC15M-26APR240845-45","f8b8bddd-b7e8-43c4-a412-b286d1b703c0","2.55","0","","","","","","","","","","","",""
"Order","Filled","","2026-04-24T12:36:06.854Z","","","","","","KXBTC15M-26APR240845-45","f8b8bddd-b7e8-43c4-a412-b286d1b703c0","2.55","0","","","","","","","","","","","",""
"Order","Filled","","2026-04-24T11:48:58.438Z","","","","","","KXBTC15M-26APR240800-00","8b2d3a76-02bd-4e63-bfc3-106ed5d1476c","2.58","0","","","","","","","","","","","",""
"Credit","Applied","0.02","2026-04-24T11:48:27.186Z","","","","","","","","","","","","","","","","","","","Volume Incentive for event KXETH15M-26APR230800","incentive",""
"Order","Filled","","2026-04-24T11:41:30.651Z","","","","","","KXBTC15M-26APR240745-45","227b7854-6e55-4afe-bbcb-0d23cbef7742","2.83","0","","","","","","","","","","","",""
"Order","Filled","","2026-04-24T11:40:40.862Z","","","","","","KXBTC15M-26APR240745-45","227b7854-6e55-4afe-bbcb-0d23cbef7742","3.04","0","","","","","","","","","","","",""
"Order","Filled","","2026-04-24T11:35:07.203Z","","","","","","KXBTC15M-26APR240745-45","227b7854-6e55-4afe-bbcb-0d23cbef7742","3.04","0","","","","","","","","","","","",""
"Order","Filled","","2026-04-24T10:58:15.060Z","","","","","","KXBTC15M-26APR240700-00","b3cab2b1-d67b-4593-ba92-6fc3d4b567cf","2.31","0","","","","","","","","","","","",""
"Order","Filled","","2026-04-24T10:41:12.541Z","","","","","","KXETH15M-26APR240645-45","b8998cc1-9ba9-4931-867f-48e502b0e3da","0.3","0","","","","","","","","","","","",""
"Order","Filled","","2026-04-24T09:38:38.246Z","","","","","","KXBTC15M-26APR240545-45","95ab5fee-211e-4935-9fbb-eb300da90fea","0.37","0","","","","","","","","","","","",""
"Order","Filled","","2026-04-24T09:37:48.003Z","","","","","","KXBTC15M-26APR240545-45","95ab5fee-211e-4935-9fbb-eb300da90fea","0.26","0","","","","","","","","","","","",""
"Order","Filled","","2026-04-24T09:32:57.336Z","","","","","","KXBTC15M-26APR240545-45","95ab5fee-211e-4935-9fbb-eb300da90fea","0.26","0","","","","","","","","","","","",""
"Order","Filled","","2026-04-24T09:29:33.618Z","","","","","","KXBTC15M-26APR240530-30","bc41ebc0-54af-4ff0-8a40-58aebd6669cc","5.14","0","","","","","","","","","","","",""
"Order","Filled","","2026-04-24T09:28:24.156Z","","","","","","KXXRP15M-26APR240530-30","e1c02a13-2867-4980-86b4-81a7ccbf1067","0.15","0","","","","","","","","","","","",""
"Order","Filled","","2026-04-24T09:24:57.330Z","","","","","","KXXRP15M-26APR240530-30","e1c02a13-2867-4980-86b4-81a7ccbf1067","0.15","0","","","","","","","","","","","",""
"Order","Filled","","2026-04-24T08:59:51.726Z","","","","","","KXBTC15M-26APR240500-00","ed2eed40-6e4a-4342-82fc-5e91b76a2677","28.06","0","","","","","","","","","","","",""
"Order","Filled","","2026-04-24T08:11:10.305Z","","","","","","KXBTC15M-26APR240415-15","2600d09c-079d-4896-8bae-b20a14e81b05","2.72","0","","","","","","","","","","","",""
"Order","Filled","","2026-04-24T08:10:31.423Z","","","","","","KXBTC15M-26APR240415-15","2600d09c-079d-4896-8bae-b20a14e81b05","1.45","0","","","","","","","","","","","",""
"Order","Filled","","2026-04-24T08:08:56.608Z","","","","","","KXBTC15M-26APR240415-15","2600d09c-079d-4896-8bae-b20a14e81b05","1.45","0","","","","","","","","","","","",""
"Order","Filled","","2026-04-24T07:54:37.499Z","","","","","","KXBTC15M-26APR240400-00","cb611891-c994-4bde-8b4c-6f89b60b6d2c","0.27","0","","","","","","","","","","","",""
"Order","Filled","","2026-04-24T07:46:55.175Z","","","","","","KXBTC15M-26APR240400-00","cb611891-c994-4bde-8b4c-6f89b60b6d2c","0.27","0","","","","","","","","","","","",""
"Order","Filled","","2026-04-24T07:41:22.585Z","","","","","","KXETH15M-26APR240345-45","f1abc8f5-2a66-41d2-a577-66e10f6e6aa3","0.35","0","","","","","","","","","","","",""
"Order","Filled","","2026-04-24T07:27:00.294Z","","","","","","KXETH15M-26APR240330-30","a15d1725-fc35-4ca6-9897-db05bfee829f","2.52","0","","","","","","","","","","","",""
"Order","Filled","","2026-04-24T07:26:47.482Z","","","","","","KXETH15M-26APR240330-30","a15d1725-fc35-4ca6-9897-db05bfee829f","1.38","0","","","","","","","","","","","",""
"Order","Filled","","2026-04-24T07:24:43.110Z","","","","","","KXETH15M-26APR240330-30","a15d1725-fc35-4ca6-9897-db05bfee829f","1.38","0","","","","","","","","","","","",""
"Order","Filled","","2026-04-24T05:20:27.546Z","","","","","","KXBTCD-26APR2402-T77499.99","58947e39-c5ec-4c66-aa20-daa50b88157e","2.55","0","","","","","","","","","","","",""
"Order","Filled","","2026-04-24T03:19:08.191Z","","","","","","KXSOL15M-26APR232330-30","0ce2cb16-8db3-4798-b460-20aa47effcb8","3.65","0","","","","","","","","","","","",""
"Order","Filled","","2026-04-24T03:13:52.960Z","","","","","","KXETH15M-26APR232315-15","a91ac8cd-c157-44e4-9582-0c01180c9c8b","4.85","0","","","","","","","","","","","",""
"Order","Filled","","2026-04-24T03:09:50.348Z","","","","","","KXETH15M-26APR232315-15","a91ac8cd-c157-44e4-9582-0c01180c9c8b","2.23","0","","","","","","","","","","","",""
"Order","Filled","","2026-04-24T03:05:53.967Z","","","","","","KXETH15M-26APR232315-15","a91ac8cd-c157-44e4-9582-0c01180c9c8b","2.62","0","","","","","","","","","","","",""
"Order","Filled","","2026-04-24T03:04:13.359Z","","","","","","KXBTC15M-26APR232315-15","5cbbbe65-f56e-48ff-9325-94ad090c4a0e","4.19","0","","","","","","","","","","","",""
"Order","Filled","","2026-04-24T02:58:51.083Z","","","","","","KXBTCD-26APR2323-T78099.99","b243b5ff-f215-4761-bdad-79bbc649de74","9.35","0","","","","","","","","","","","",""
"Order","Filled","","2026-04-24T01:47:42.285Z","","","","","","KXETH15M-26APR232200-00","da2c15e8-b258-407f-803c-c5b03fe4f29c","0.35","0","","","","","","","","","","","",""
"Order","Filled","","2026-04-24T01:46:29.803Z","","","","","","KXETH15M-26APR232200-00","da2c15e8-b258-407f-803c-c5b03fe4f29c","0.35","0","","","","","","","","","","","",""
"Order","Filled","","2026-04-24T01:29:31.834Z","","","","","","KXSOL15M-26APR232130-30","64356405-61c2-4771-aca5-a96551a4486c","0.6","0","","","","","","","","","","","",""
"Order","Filled","","2026-04-24T01:28:46.985Z","","","","","","KXSOL15M-26APR232130-30","64356405-61c2-4771-aca5-a96551a4486c","0.6","0","","","","","","","","","","","",""
"Order","Filled","","2026-04-24T00:29:38.498Z","","","","","","KXETHD-26APR2321-T2329.99","3a1365e0-3202-48fa-8a39-3ff8d96e49fa","0.23","0","","","","","","","","","","","",""
"Order","Filled","","2026-04-24T00:14:09.451Z","","","","","","KXETH15M-26APR232015-15","075944e6-4391-430d-9adf-0eea71c0383e","0.13","0","","","","","","","","","","","",""
"Order","Filled","","2026-04-24T00:09:45.176Z","","","","","","KXETH15M-26APR232015-15","075944e6-4391-430d-9adf-0eea71c0383e","0.13","0","","","","","","","","","","","",""
"Order","Filled","","2026-04-24T00:08:56.645Z","","","","","","KXBTC15M-26APR232015-15","43a1208f-ced0-4ebb-a906-7b0d0cbe5840","0.25","0","","","","","","","","","","","",""
"Order","Filled","","2026-04-23T23:05:02.187Z","","","","","","KXSOL15M-26APR231915-15","10dff84f-b76c-4c33-8bd1-383b8459981f","0.17","0","","","","","","","","","","","",""
"Order","Filled","","2026-04-23T23:03:56.343Z","","","","","","KXBTC15M-26APR231915-15","d68f06d4-9725-419a-ac80-6896ed1f674a","0.16","0","","","","","","","","","","","",""
"Order","Filled","","2026-04-23T22:55:15.239Z","","","","","","KXETH15M-26APR231900-00","55656eca-8de0-4963-8736-73c6066f9947","0.13","0","","","","","","","","","","","",""
"Order","Filled","","2026-04-23T22:53:16.066Z","","","","","","KXBTC15M-26APR231900-00","92b0f1f1-0746-4cb3-958f-aa2a89367d6f","0.31","0","","","","","","","","","","","",""
"Order","Filled","","2026-04-23T22:48:40.818Z","","","","","","KXBTC15M-26APR231900-00","92b0f1f1-0746-4cb3-958f-aa2a89367d6f","0.31","0","","","","","","","","","","","",""
"Order","Filled","","2026-04-23T22:38:12.670Z","","","","","","KXBTC15M-26APR231845-45","c6a4c0a0-a442-466b-9462-d69c3509a207","0.15","0","","","","","","","","","","","",""
"Order","Filled","","2026-04-23T22:35:28.724Z","","","","","","KXBTC15M-26APR231845-45","c6a4c0a0-a442-466b-9462-d69c3509a207","0.27","0","","","","","","","","","","","",""
"Order","Filled","","2026-04-23T22:03:13.607Z","","","","","","KXBTC15M-26APR231815-15","6d01e29b-41b1-4dd5-a936-80e7d3b79735","0.12","0","","","","","","","","","","","",""
"Order","Filled","","2026-04-23T22:02:47.439Z","","","","","","KXETH15M-26APR231815-15","8770a603-3085-4932-9641-847e3781762f","0.15","0","","","","","","","","","","","",""
"Order","Filled","","2026-04-23T21:01:43.595Z","","","","","","KXBTC15M-26APR231715-15","7171a1a2-b735-422c-93e9-461f05e785ae","0.13","0","","","","","","","","","","","",""
"Order","Filled","","2026-04-23T20:42:28.497Z","","","","","","KXBTCD-26APR2317-T77999.99","c7f5255a-4acf-43cf-aa81-89a700e55021","1.73","0","","","","","","","","","","","",""
"Deposit","Applied","15","2026-04-23T19:57:22.048Z","","April 23, 2026 at 3:57:22 PM EDT","debit","0.3","","","","","","","","","","","","","","","","",""
"Order","Filled","","2026-04-23T18:40:53.479Z","","","","","","KXBTCD-26APR2315-T77999.99","6ccaa591-5395-4469-a8f9-8337734296fc","4.14","0","","","","","","","","","","","",""
"Order","Filled","","2026-04-23T18:37:30.423Z","","","","","","KXBTCD-26APR2315-T77999.99","6ccaa591-5395-4469-a8f9-8337734296fc","4.14","0","","","","","","","","","","","",""
"Order","Filled","","2026-04-23T17:58:53.036Z","","","","","","KXBTCD-26APR2314-T77799.99","cc229059-0e3f-45e4-b9f3-1bb15c8102ef","7.39","0","","","","","","","","","","","",""
"Order","Filled","","2026-04-23T17:47:21.387Z","","","","","","KXBTCD-26APR2314-T77099.99","7c122b16-46cd-4aab-9843-a2f5bea77608","7.09","0","","","","","","","","","","","",""
"Order","Filled","","2026-04-23T16:58:12.914Z","","","","","","KXBTCD-26APR2313-T78099.99","c02f41ab-2a90-4f09-94f8-9e3cd11937f0","6.7","0","","","","","","","","","","","",""
"Order","Filled","","2026-04-23T16:57:52.628Z","","","","","","KXBTCD-26APR2313-T77999.99","34420252-73d5-4d15-9c83-2248b1942c12","6.24","0","","","","","","","","","","","",""
"Order","Filled","","2026-04-23T16:57:11.095Z","","","","","","KXBTCD-26APR2313-T78199.99","5a618d5e-fef5-4255-b65e-63ea7e767b50","8.37","0","","","","","","","","","","","",""
"Order","Filled","","2026-04-23T16:56:48.158Z","","","","","","KXBTCD-26APR2313-T78299.99","d50bcba5-7864-4187-8b11-08fa80f7ab59","10.96","0","","","","","","","","","","","",""
"Order","Filled","","2026-04-23T16:54:22.060Z","","","","","","KXBTCD-26APR2313-T78199.99","5a618d5e-fef5-4255-b65e-63ea7e767b50","8.37","0","","","","","","","","","","","",""
"Order","Filled","","2026-04-23T16:54:00.432Z","","","","","","KXBTCD-26APR2313-T78299.99","d50bcba5-7864-4187-8b11-08fa80f7ab59","10.96","0","","","","","","","","","","","",""
"Order","Filled","","2026-04-23T16:39:04.701Z","","","","","","KXETH15M-26APR231245-45","239e52d4-b0e4-4e5e-949c-950fa8471958","5.58","0","","","","","","","","","","","",""
"Order","Filled","","2026-04-23T16:29:38.827Z","","","","","","KXBTC15M-26APR231230-30","c8fb172e-79db-4f93-88af-32708f382cd7","4.13","0","","","","","","","","","","","",""
"Order","Filled","","2026-04-23T16:22:26.451Z","","","","","","KXBTC15M-26APR231230-30","c8fb172e-79db-4f93-88af-32708f382cd7","4.14","0","","","","","","","","","","","",""
"Order","Filled","","2026-04-23T16:21:01.365Z","","","","","","KXBTC15M-26APR231230-30","c8fb172e-79db-4f93-88af-32708f382cd7","4.14","0","","","","","","","","","","","",""
"Order","Filled","","2026-04-23T16:19:46.023Z","","","","","","KXBTC15M-26APR231230-30","c8fb172e-79db-4f93-88af-32708f382cd7","5.79","0","","","","","","","","","","","",""
"Order","Filled","","2026-04-23T16:16:59.439Z","","","","","","KXBTC15M-26APR231230-30","c8fb172e-79db-4f93-88af-32708f382cd7","5.79","0","","","","","","","","","","","",""
"Order","Filled","","2026-04-23T16:13:49.209Z","","","","","","KXBTC15M-26APR231215-15","b8e81931-1458-403e-a3d5-ff887136c393","4.57","0","","","","","","","","","","","",""
"Order","Filled","","2026-04-23T16:07:21.316Z","","","","","","KXBTC15M-26APR231215-15","b8e81931-1458-403e-a3d5-ff887136c393","8.37","0","","","","","","","","","","","",""
"Order","Filled","","2026-04-23T16:06:02.817Z","","","","","","KXMJSCHEDULE-27","70f79021-ff47-4728-9a96-b84c92eecad7","9.47","0","","","","","","","","","","","",""
"Order","Filled","","2026-04-23T16:05:11.197Z","","","","","","KXBTC15M-26APR231215-15","b8e81931-1458-403e-a3d5-ff887136c393","8.37","0","","","","","","","","","","","",""
"Order","Filled","","2026-04-23T16:01:13.343Z","","","","","","KXBTC15M-26APR231215-15","b8e81931-1458-403e-a3d5-ff887136c393","9.85","0","","","","","","","","","","","",""
"Order","Filled","","2026-04-23T16:00:54.242Z","","","","","","KXBTC15M-26APR231215-15","b8e81931-1458-403e-a3d5-ff887136c393","9.85","0","","","","","","","","","","","",""
"Order","Filled","","2026-04-23T15:58:11.542Z","","","","","","KXBTCD-26APR2312-T78399.99","c3cd50d5-1058-47e2-a808-fd7298b83d9e","7.19","0","","","","","","","","","","","",""
"Order","Filled","","2026-04-23T13:53:23.743Z","","","","","","KXBTC15M-26APR231000-00","dfe7f485-6cce-4dc1-a181-738cbc907870","4.86","0","","","","","","","","","","","",""
"Order","Filled","","2026-04-23T13:47:20.440Z","","","","","","KXBTC15M-26APR231000-00","dfe7f485-6cce-4dc1-a181-738cbc907870","4.86","0","","","","","","","","","","","",""
"Order","Filled","","2026-04-23T13:43:36.809Z","","","","","","KXBTC15M-26APR230945-45","113700e4-d8e7-455c-8a48-47e90a448c85","4.94","0","","","","","","","","","","","",""
"Order","Filled","","2026-04-23T13:40:51.382Z","","","","","","KXBTC15M-26APR230945-45","113700e4-d8e7-455c-8a48-47e90a448c85","4.94","0","","","","","","","","","","","",""
"Order","Filled","","2026-04-23T13:27:23.772Z","","","","","","KXBTC15M-26APR230930-30","80e05829-e3df-4986-bf35-ddefa0d6569a","4.25","0","","","","","","","","","","","",""
"Order","Filled","","2026-04-23T13:23:14.104Z","","","","","","KXBTC15M-26APR230930-30","80e05829-e3df-4986-bf35-ddefa0d6569a","4.25","0","","","","","","","","","","","",""
"Order","Filled","","2026-04-23T13:01:28.338Z","","","","","","KXBTC15M-26APR230915-15","2139eb86-aadb-44a9-8717-528c78c79a83","10.25","0","","","","","","","","","","","",""
"Order","Filled","","2026-04-23T13:00:23.515Z","","","","","","KXBTC15M-26APR230915-15","2139eb86-aadb-44a9-8717-528c78c79a83","10.25","0","","","","","","","","","","","",""
"Order","Filled","","2026-04-23T12:57:28.085Z","","","","","","KXBTCD-26APR2309-T77799.99","4156e208-3697-4507-89e8-0c588da02ccd","8.97","0","","","","","","","","","","","",""
"Order","Filled","","2026-04-23T12:50:20.768Z","","","","","","KXBTCD-26APR2309-T77699.99","4515d184-e665-4839-9713-81d9d76f1175","6.15","0","","","","","","","","","","","",""
"Order","Filled","","2026-04-23T12:42:40.552Z","","","","","","KXSOL15M-26APR230845-45","e7d7035b-db50-4351-a8d5-28397827bb4a","6.74","0","","","","","","","","","","","",""
"Order","Filled","","2026-04-23T12:41:33.496Z","","","","","","KXSOL15M-26APR230845-45","e7d7035b-db50-4351-a8d5-28397827bb4a","6.74","0","","","","","","","","","","","",""
"Order","Filled","","2026-04-23T12:21:20.232Z","","","","","","KXBTC15M-26APR230830-30","9be3a77e-60f8-4e45-9fc9-10d2622e2c72","5.24","0","","","","","","","","","","","",""
"Order","Filled","","2026-04-23T12:19:13.560Z","","","","","","KXBTC15M-26APR230830-30","9be3a77e-60f8-4e45-9fc9-10d2622e2c72","5.24","0","","","","","","","","","","","",""
"Order","Filled","","2026-04-23T11:54:27.857Z","","","","","","KXBTC15M-26APR230800-00","68807142-6d8e-45f9-a01c-d59ac4bb420a","4.57","0","","","","","","","","","","","",""
"Order","Filled","","2026-04-23T11:54:18.353Z","","","","","","KXETH15M-26APR230800-00","f530a8f4-53a4-47a0-9ee5-232038acbe6c","5.75","0","","","","","","","","","","","",""
"Order","Filled","","2026-04-23T11:50:44.535Z","","","","","","KXBTC15M-26APR230800-00","68807142-6d8e-45f9-a01c-d59ac4bb420a","4.57","0","","","","","","","","","","","",""
"Order","Filled","","2026-04-23T11:49:49.907Z","","","","","","KXETH15M-26APR230800-00","f530a8f4-53a4-47a0-9ee5-232038acbe6c","5.75","0","","","","","","","","","","","",""
"Credit","Applied","0.02","2026-04-23T11:47:54.332Z","","","","","","","","","","","","","","","","","","","Volume Incentive for event KXETH15M-26APR230030","incentive",""
"Order","Filled","","2026-04-23T11:37:43.946Z","","","","","","KXETH15M-26APR230745-45","6ea2c369-01e1-4d99-bfcd-8b2e26aed7c1","6.56","0","","","","","","","","","","","",""
"Order","Filled","","2026-04-23T11:14:34.124Z","","","","","","KXBTC15M-26APR230715-15","65366152-4449-4639-b3b1-afeac558d3a4","10.78","0","","","","","","","","","","","",""
"Order","Filled","","2026-04-23T11:10:46.241Z","","","","","","KXBTC15M-26APR230715-15","65366152-4449-4639-b3b1-afeac558d3a4","6.99","0","","","","","","","","","","","",""
"Order","Filled","","2026-04-23T11:06:24.482Z","","","","","","KXBTC15M-26APR230715-15","65366152-4449-4639-b3b1-afeac558d3a4","6.99","0","","","","","","","","","","","",""
"Order","Filled","","2026-04-23T05:27:57.390Z","","","","","","KXSOL15M-26APR230130-30","0d3d22fc-db6b-4e7d-a02a-89be085943ad","20.4","0","","","","","","","","","","","",""
"Order","Filled","","2026-04-23T05:22:43.199Z","","","","","","KXSOL15M-26APR230130-30","0d3d22fc-db6b-4e7d-a02a-89be085943ad","9.01","0","","","","","","","","","","","",""
"Order","Filled","","2026-04-23T05:19:53.850Z","","","","","","KXSOL15M-26APR230130-30","0d3d22fc-db6b-4e7d-a02a-89be085943ad","9.01","0","","","","","","","","","","","",""
"Order","Filled","","2026-04-23T05:14:02.980Z","","","","","","KXSOL15M-26APR230115-15","251d30f0-cee3-4074-9ba0-d296c06a9a31","1.38","0","","","","","","","","","","","",""
"Order","Filled","","2026-04-23T04:55:06.241Z","","","","","","KXBTC15M-26APR230100-00","b267fd5b-601c-498e-98a6-c92e356acabf","15.96","0","","","","","","","","","","","",""
"Order","Filled","","2026-04-23T04:54:40.599Z","","","","","","KXBTCD-26APR2301-T77899.99","1567fe9d-21f1-4bd2-9869-ec9536e322df","7.29","0","","","","","","","","","","","",""
"Order","Filled","","2026-04-23T04:54:31.417Z","","","","","","KXBTC15M-26APR230100-00","b267fd5b-601c-498e-98a6-c92e356acabf","12.01","0","","","","","","","","","","","",""
"Order","Filled","","2026-04-23T04:52:15.210Z","","","","","","KXBTCD-26APR2301-T77899.99","1567fe9d-21f1-4bd2-9869-ec9536e322df","7.29","0","","","","","","","","","","","",""
"Order","Filled","","2026-04-23T04:51:40.349Z","","","","","","KXBTC15M-26APR230100-00","b267fd5b-601c-498e-98a6-c92e356acabf","12.01","0","","","","","","","","","","","",""
"Order","Filled","","2026-04-23T04:48:32.080Z","","","","","","KXBTCD-26APR2301-T77899.99","1567fe9d-21f1-4bd2-9869-ec9536e322df","12.12","0","","","","","","","","","","","",""
"Order","Filled","","2026-04-23T04:43:02.983Z","","","","","","KXBTCD-26APR2301-T77899.99","1567fe9d-21f1-4bd2-9869-ec9536e322df","12.12","0","","","","","","","","","","","",""
"Order","Filled","","2026-04-23T04:28:32.474Z","","","","","","KXETH15M-26APR230030-30","b5bd9c84-34c3-4dab-83b8-a6d96dfb2f7f","12.61","0","","","","","","","","","","","",""
"Order","Filled","","2026-04-23T04:27:00.197Z","","","","","","KXETH15M-26APR230030-30","b5bd9c84-34c3-4dab-83b8-a6d96dfb2f7f","12.61","0","","","","","","","","","","","",""
"Order","Filled","","2026-04-23T04:26:13.578Z","","","","","","KXBTC15M-26APR230030-30","87012060-9ddb-4503-8984-34b263cc7432","6.9","0","","","","","","","","","","","",""
"Order","Filled","","2026-04-23T04:25:52.813Z","","","","","","KXETH15M-26APR230030-30","b5bd9c84-34c3-4dab-83b8-a6d96dfb2f7f","6.63","0","","","","","","","","","","","",""
"Order","Filled","","2026-04-23T04:21:51.773Z","","","","","","KXETH15M-26APR230030-30","b5bd9c84-34c3-4dab-83b8-a6d96dfb2f7f","6.63","0","","","","","","","","","","","",""
"Order","Filled","","2026-04-23T04:19:33.164Z","","","","","","KXBTC15M-26APR230030-30","87012060-9ddb-4503-8984-34b263cc7432","6.9","0","","","","","","","","","","","",""
"Order","Filled","","2026-04-23T04:13:26.333Z","","","","","","KXETH15M-26APR230015-15","0824749a-c41b-4b5b-b63c-e7684db6476b","7.29","0","","","","","","","","","","","",""
"Order","Filled","","2026-04-23T04:09:34.477Z","","","","","","KXETH15M-26APR230015-15","0824749a-c41b-4b5b-b63c-e7684db6476b","7.29","0","","","","","","","","","","","",""
"Order","Filled","","2026-04-23T03:56:16.938Z","","","","","","KXSOL15M-26APR230000-00","8727a1d2-2462-46b4-8354-38ef8826ef98","6.7","0","","","","","","","","","","","",""
"Order","Filled","","2026-04-23T03:22:57.239Z","","","","","","KXSOL15M-26APR222330-30","dd476bfb-46e6-4714-851d-47fa86eed1cc","9.14","0","","","","","","","","","","","",""
"Order","Filled","","2026-04-23T03:10:58.918Z","","","","","","KXXRP15M-26APR222315-15","c0c8e3a0-13e9-48a7-84fa-883d98c47518","7.23","0","","","","","","","","","","","",""
"Order","Filled","","2026-04-23T03:05:25.718Z","","","","","","KXBTC15M-26APR222315-15","d22b6ea3-3d3d-4e19-9900-afda4702df21","6.99","0","","","","","","","","","","","",""
"Order","Filled","","2026-04-23T02:57:59.343Z","","","","","","KXBTCD-26APR2223-T78099.99","723e5a0c-75a4-41be-aeb1-720da63d0bd7","8.1","0","","","","","","","","","","","",""
"Order","Filled","","2026-04-23T02:57:25.573Z","","","","","","KXBTCD-26APR2223-T77999.99","dad82829-0d83-40ad-a438-c8ca282a55e1","13.29","0","","","","","","","","","","","",""
"Order","Filled","","2026-04-23T02:54:46.097Z","","","","","","KXBTCD-26APR2223-T77899.99","da53789f-d928-4428-8ee4-e11e78a86f2d","12.58","0","","","","","","","","","","","",""
"Order","Filled","","2026-04-23T02:51:03.139Z","","","","","","KXBTCD-26APR2223-T78199.99","0506cd64-28b4-4e14-81a4-b3e982adfb76","6.54","0","","","","","","","","","","","",""
"Order","Filled","","2026-04-23T02:49:59.749Z","","","","","","KXBTCD-26APR2223-T77799.99","c99eb6d6-69a8-4ae8-b749-87f86763416b","17.61","0","","","","","","","","","","","",""
"Order","Filled","","2026-04-23T02:47:58.325Z","","","","","","KXBTC15M-26APR222300-00","8d3b9ee7-eb9e-4719-b085-4865921fb488","7.5","0","","","","","","","","","","","",""
"Order","Filled","","2026-04-23T02:40:47.069Z","","","","","","KXBTC15M-26APR222245-45","c48a9913-b527-412d-9fb1-997da8139082","5.83","0","","","","","","","","","","","",""
"Order","Filled","","2026-04-23T02:38:29.334Z","","","","","","KXDOGE15M-26APR222245-45","c721e34a-e25d-471f-b46f-7c2079293319","3.04","0","","","","","","","","","","","",""
"Order","Filled","","2026-04-23T02:33:09.642Z","","","","","","KXBTCD-26APR2223-T78199.99","0506cd64-28b4-4e14-81a4-b3e982adfb76","6.54","0","","","","","","","","","","","",""
"Order","Filled","","2026-04-23T02:32:07.080Z","","","","","","KXBTCD-26APR2223-T77999.99","dad82829-0d83-40ad-a438-c8ca282a55e1","13.29","0","","","","","","","","","","","",""
"Order","Filled","","2026-04-23T02:31:15.846Z","","","","","","KXBTC15M-26APR222245-45","c48a9913-b527-412d-9fb1-997da8139082","5.83","0","","","","","","","","","","","",""
"Order","Filled","","2026-04-23T02:29:02.966Z","","","","","","KXBTCD-26APR2223-T78099.99","723e5a0c-75a4-41be-aeb1-720da63d0bd7","8.1","0","","","","","","","","","","","",""
"Order","Filled","","2026-04-23T01:26:32.253Z","","","","","","KXSOL15M-26APR222130-30","eaeaeb87-ce68-4824-999b-082e093bf9dd","7.39","0","","","","","","","","","","","",""
"Order","Filled","","2026-04-23T01:16:38.990Z","","","","","","KXSOL15M-26APR222130-30","eaeaeb87-ce68-4824-999b-082e093bf9dd","7.39","0","","","","","","","","","","","",""
"Order","Filled","","2026-04-23T01:08:38.085Z","","","","","","KXBTC15M-26APR222115-15","f05191ef-59ec-4a57-9611-cd44a5324a3b","5.75","0","","","","","","","","","","","",""
"Order","Filled","","2026-04-23T00:55:50.210Z","","","","","","KXBTC15M-26APR222100-00","8d309daf-5a25-4ae8-9b47-b3fcd98dcf73","8.51","0","","","","","","","","","","","",""
"Order","Filled","","2026-04-23T00:55:24.430Z","","","","","","KXBTC15M-26APR222100-00","8d309daf-5a25-4ae8-9b47-b3fcd98dcf73","7.85","0","","","","","","","","","","","",""
"Order","Filled","","2026-04-23T00:53:36.220Z","","","","","","KXBTC15M-26APR222100-00","8d309daf-5a25-4ae8-9b47-b3fcd98dcf73","7.85","0","","","","","","","","","","","",""
"Order","Filled","","2026-04-23T00:46:58.353Z","","","","","","KXBTCD-26APR2221-T78299.99","6c7a71f0-bf50-456b-8d65-dc1957df2838","6.35","0","","","","","","","","","","","",""
"Order","Filled","","2026-04-23T00:44:31.156Z","","","","","","KXBTC15M-26APR222045-45","7cead0b7-b496-43fe-be45-84dea3b386e9","7.28","0","","","","","","","","","","","",""
"Order","Filled","","2026-04-23T00:43:55.529Z","","","","","","KXSOL15M-26APR222045-45","251f3c36-dbd4-441b-87c8-38b3f604e95b","4.19","0","","","","","","","","","","","",""
"Order","Filled","","2026-04-23T00:40:51.387Z","","","","","","KXBTC15M-26APR222045-45","7cead0b7-b496-43fe-be45-84dea3b386e9","4.37","0","","","","","","","","","","","",""
"Order","Filled","","2026-04-23T00:38:38.187Z","","","","","","KXSOL15M-26APR222045-45","251f3c36-dbd4-441b-87c8-38b3f604e95b","4.19","0","","","","","","","","","","","",""
"Order","Filled","","2026-04-23T00:37:05.772Z","","","","","","KXBTC15M-26APR222045-45","7cead0b7-b496-43fe-be45-84dea3b386e9","4","0","","","","","","","","","","","",""
"Order","Filled","","2026-04-23T00:33:17.797Z","","","","","","KXBTC15M-26APR222045-45","7cead0b7-b496-43fe-be45-84dea3b386e9","8.37","0","","","","","","","","","","","",""
"Order","Filled","","2026-04-23T00:20:10.464Z","","","","","","KXBTC15M-26APR222030-30","6cb3d4df-515e-402e-9b18-597d990b350c","4.95","0","","","","","","","","","","","",""
"Order","Filled","","2026-04-23T00:12:53.494Z","","","","","","KXMJSCHEDULE-27","70f79021-ff47-4728-9a96-b84c92eecad7","3","0","","","","","","","","","","","",""
"Order","Filled","","2026-04-23T00:09:54.676Z","","","","","","KXBTC15M-26APR222015-15","563bc452-e95b-47e2-bfad-286bb74802a8","17.94","0","","","","","","","","","","","",""
"Order","Filled","","2026-04-23T00:06:08.168Z","","","","","","KXETH15M-26APR222015-15","1479b1e1-d0f4-4924-8ece-602b0f822709","7.85","0","","","","","","","","","","","",""
"Order","Filled","","2026-04-22T19:59:11.634Z","","","","","","KXETHD-26APR2216-T2399.99","4b9f328c-d1f0-4ef8-a312-4351bccdf94c","20.21","0","","","","","","","","","","","",""
"Order","Filled","","2026-04-22T18:53:58.368Z","","","","","","KXBTCD-26APR2215-T79099.99","f2b93f2b-ccf8-42ff-a47d-aec2c2408f8e","8.94","0","","","","","","","","","","","",""
"Order","Filled","","2026-04-22T18:44:01.881Z","","","","","","KXBTCD-26APR2215-T79099.99","f2b93f2b-ccf8-42ff-a47d-aec2c2408f8e","8.94","0","","","","","","","","","","","",""
"Order","Filled","","2026-04-22T17:12:40.012Z","","","","","","KXETH15M-26APR221315-15","36eb7837-9220-4bdd-b509-17ef8e8a9b49","30.13","0","","","","","","","","","","","",""
"Order","Filled","","2026-04-22T15:56:34.960Z","","","","","","KXBTCD-26APR2212-T79399.99","6dc58060-18f0-40e6-90c9-813cc43f3061","5.46","0","","","","","","","","","","","",""
"Order","Filled","","2026-04-22T15:53:02.484Z","","","","","","KXBTCD-26APR2212-T79399.99","6dc58060-18f0-40e6-90c9-813cc43f3061","5.46","0","","","","","","","","","","","",""
"Order","Filled","","2026-04-22T02:59:09.667Z","","","","","","KXBTCD-26APR2123-T77599.99","e404cd46-cc71-4596-b874-6198cdcef7c2","10.44","0","","","","","","","","","","","",""
"Order","Filled","","2026-04-22T02:52:34.806Z","","","","","","KXBTC15M-26APR212300-00","cd968271-7aa6-41fb-ae01-b4a3e38547f9","3.58","0","","","","","","","","","","","",""
"Order","Filled","","2026-04-22T02:51:06.249Z","","","","","","KXBTC15M-26APR212300-00","cd968271-7aa6-41fb-ae01-b4a3e38547f9","3.58","0","","","","","","","","","","","",""
"Order","Filled","","2026-04-22T01:55:35.196Z","","","","","","KXSOL15M-26APR212200-00","0a50ac1d-94eb-4e3d-8ec4-b979e692118c","1.39","0","","","","","","","","","","","",""
"Order","Filled","","2026-04-22T01:52:47.314Z","","","","","","KXSOL15M-26APR212200-00","0a50ac1d-94eb-4e3d-8ec4-b979e692118c","1.39","0","","","","","","","","","","","",""
"Order","Filled","","2026-04-22T00:43:35.815Z","","","","","","KXSOL15M-26APR212045-45","2049224b-6b0a-4e6c-8156-4164d8845a8f","1.93","0","","","","","","","","","","","",""
"Order","Filled","","2026-04-22T00:41:01.341Z","","","","","","KXSOL15M-26APR212045-45","2049224b-6b0a-4e6c-8156-4164d8845a8f","1.93","0","","","","","","","","","","","",""
"Order","Filled","","2026-04-22T00:40:23.919Z","","","","","","KXETH15M-26APR212045-45","daf52156-525f-402d-ba0c-999206b22970","1.43","0","","","","","","","","","","","",""
"Order","Filled","","2026-04-22T00:39:03.453Z","","","","","","KXETH15M-26APR212045-45","daf52156-525f-402d-ba0c-999206b22970","1.43","0","","","","","","","","","","","",""
"Order","Filled","","2026-04-22T00:29:47.153Z","","","","","","KXSOL15M-26APR212030-30","95a3fc2c-2d08-4165-8a32-331b172a49d9","1.31","0","","","","","","","","","","","",""
"Order","Filled","","2026-04-22T00:29:02.637Z","","","","","","KXSOL15M-26APR212030-30","95a3fc2c-2d08-4165-8a32-331b172a49d9","1.31","0","","","","","","","","","","","",""
"Order","Filled","","2026-04-22T00:28:04.743Z","","","","","","KXXRP15M-26APR212030-30","9369d5e2-c10c-4221-850c-4f6ae1282753","1.29","0","","","","","","","","","","","",""
"Order","Filled","","2026-04-22T00:25:36.011Z","","","","","","KXXRP15M-26APR212030-30","9369d5e2-c10c-4221-850c-4f6ae1282753","1.29","0","","","","","","","","","","","",""
"Order","Filled","","2026-04-21T22:51:20.790Z","","","","","","KXBTC15M-26APR211900-00","0bb15d00-4c53-458c-bb9a-102789cabee1","1.7","0","","","","","","","","","","","",""
"Order","Filled","","2026-04-21T21:54:12.412Z","","","","","","KXBTC15M-26APR211800-00","73a9472b-29e1-43d9-9804-79072168538c","2.04","0","","","","","","","","","","","",""
"Order","Filled","","2026-04-21T21:52:46.858Z","","","","","","KXBTC15M-26APR211800-00","73a9472b-29e1-43d9-9804-79072168538c","2.04","0","","","","","","","","","","","",""
"Order","Filled","","2026-04-21T21:42:12.128Z","","","","","","KXBTC15M-26APR211745-45","d145cc06-afdc-4783-9e85-eddc7c8c0303","1.54","0","","","","","","","","","","","",""
"Order","Filled","","2026-04-21T19:59:54.424Z","","","","","","KXBTCD-26APR2116-T74999.99","dbd561b2-97d2-4b1d-9ddd-b09201a0f859","6.15","0","","","","","","","","","","","",""
"Order","Filled","","2026-04-21T19:58:50.326Z","","","","","","KXBTCD-26APR2116-T74999.99","dbd561b2-97d2-4b1d-9ddd-b09201a0f859","6.15","0","","","","","","","","","","","",""
"Order","Filled","","2026-04-21T19:31:48.725Z","","","","","","KXETH15M-26APR211545-45","466e9155-e197-41b4-981b-69c8d43db7fe","2.09","0","","","","","","","","","","","",""
"Order","Filled","","2026-04-21T19:30:27.559Z","","","","","","KXETH15M-26APR211545-45","466e9155-e197-41b4-981b-69c8d43db7fe","2.09","0","","","","","","","","","","","",""
"Order","Filled","","2026-04-21T19:28:15.535Z","","","","","","KXHYPE15M-26APR211530-30","63c4466d-1e81-46fd-aaba-4fb3b64ab7f1","3.53","0","","","","","","","","","","","",""
"Order","Filled","","2026-04-21T19:22:19.936Z","","","","","","KXBTC15M-26APR211530-30","923abb12-68e0-4e91-ab35-e93b7f0e3143","4.14","0","","","","","","","","","","","",""
"Order","Filled","","2026-04-21T19:19:05.916Z","","","","","","KXBTC15M-26APR211530-30","923abb12-68e0-4e91-ab35-e93b7f0e3143","4.14","0","","","","","","","","","","","",""
"Order","Filled","","2026-04-21T16:44:38.442Z","","","","","","KXHYPE15M-26APR211245-45","2dbfb775-e4a1-44ef-9c10-c9da3fea8bbe","1.74","0","","","","","","","","","","","",""
"Order","Filled","","2026-04-21T16:41:38.404Z","","","","","","KXHYPE15M-26APR211245-45","2dbfb775-e4a1-44ef-9c10-c9da3fea8bbe","1.74","0","","","","","","","","","","","",""
"Order","Filled","","2026-04-21T16:28:38.023Z","","","","","","KXBTC15M-26APR211230-30","18b5dfd7-2b30-46c7-8b39-3cac96821938","2.05","0","","","","","","","","","","","",""
"Order","Filled","","2026-04-21T16:18:49.878Z","","","","","","KXBTC15M-26APR211230-30","18b5dfd7-2b30-46c7-8b39-3cac96821938","2.05","0","","","","","","","","","","","",""
"Order","Filled","","2026-04-21T15:18:36.470Z","","","","","","KXSOL15M-26APR211130-30","75c8dedb-42bf-4ae6-86f8-7cceb6debed1","1","0","","","","","","","","","","","",""
"Order","Filled","","2026-04-21T15:11:30.463Z","","","","","","KXSOL15M-26APR211115-15","ac111d83-519f-4925-818d-f175a4357f6b","1.32","0","","","","","","","","","","","",""
"Order","Filled","","2026-04-21T15:04:13.180Z","","","","","","KXSOL15M-26APR211115-15","ac111d83-519f-4925-818d-f175a4357f6b","1.32","0","","","","","","","","","","","",""
"Order","Filled","","2026-04-21T04:13:53.103Z","","","","","","KXSOL15M-26APR210015-15","029bf50a-e0a8-4a2c-8b85-439fef30f339","1.7","0","","","","","","","","","","","",""
"Order","Filled","","2026-04-21T02:28:24.343Z","","","","","","KXBTC15M-26APR202230-30","3b39903e-d255-4709-8b8a-a901eb59d6b0","2.91","0","","","","","","","","","","","",""
"Order","Filled","","2026-04-21T02:22:37.129Z","","","","","","KXBTC15M-26APR202230-30","3b39903e-d255-4709-8b8a-a901eb59d6b0","2.91","0","","","","","","","","","","","",""
"Order","Filled","","2026-04-21T00:42:38.397Z","","","","","","KXBTC15M-26APR202045-45","83984662-6747-4bb7-9cc1-6d595f220e3b","2.49","0","","","","","","","","","","","",""
"Order","Filled","","2026-04-21T00:33:12.944Z","","","","","","KXBTC15M-26APR202045-45","83984662-6747-4bb7-9cc1-6d595f220e3b","1.02","0","","","","","","","","","","","",""
"Order","Filled","","2026-04-21T00:30:21.943Z","","","","","","KXBTC15M-26APR202045-45","83984662-6747-4bb7-9cc1-6d595f220e3b","1.47","0","","","","","","","","","","","",""
"Order","Filled","","2026-04-20T23:51:22.197Z","","","","","","KXBTC15M-26APR202000-00","8c4b5c32-03ab-43b8-9e5d-22d8ebea852c","2.62","0","","","","","","","","","","","",""
"Order","Filled","","2026-04-20T23:49:12.174Z","","","","","","KXBTC15M-26APR202000-00","8c4b5c32-03ab-43b8-9e5d-22d8ebea852c","2.62","0","","","","","","","","","","","",""
"Order","Filled","","2026-04-20T20:40:04.468Z","","","","","","KXETH15M-26APR201645-45","3495adb4-88d7-4075-acbc-4384ba2ef1aa","2.95","0","","","","","","","","","","","",""
"Credit","Applied","25","2026-04-20T20:37:29.165Z","","","","","","","","","","","","","","","","","","","referral","referral",""
"Order","Filled","","2026-04-20T20:37:29.114Z","","","","","","KXETH15M-26APR201645-45","3495adb4-88d7-4075-acbc-4384ba2ef1aa","2.95","0","","","","","","","","","","","",""
"Order","Filled","","2026-04-20T20:12:52.351Z","","","","","","KXBTC15M-26APR201615-15","da5f0004-52b3-4c21-920d-6c5c1eecfb32","2.28","0","","","","","","","","","","","",""
"Order","Filled","","2026-04-20T20:09:56.971Z","","","","","","KXBTC15M-26APR201615-15","da5f0004-52b3-4c21-920d-6c5c1eecfb32","2.28","0","","","","","","","","","","","",""
"Order","Filled","","2026-04-20T19:59:13.561Z","","","","","","KXBTC15M-26APR201600-00","9efeda49-7e3c-461f-ae49-3f7803bb8a5a","11.69","0","","","","","","","","","","","",""
"Order","Filled","","2026-04-20T19:44:05.739Z","","","","","","KXSOL15M-26APR201545-45","4d658c6d-1519-431a-8459-93fa32e9e362","1.99","0","","","","","","","","","","","",""
"Order","Filled","","2026-04-20T19:22:13.498Z","","","","","","KXBTC15M-26APR201530-30","041c8006-ce4f-4a59-b326-f220bbd9bb8f","2.77","0","","","","","","","","","","","",""
"Order","Filled","","2026-04-20T19:05:04.759Z","","","","","","KXBTC15M-26APR201515-15","39c514fc-c995-4781-a1ef-13a8e775dfc0","2.05","0","","","","","","","","","","","",""
"Order","Filled","","2026-04-20T16:26:37.014Z","","","","","","KXBTC15M-26APR201230-30","7b31a912-51e4-48b8-942a-c1fb21078f13","0.96","0","","","","","","","","","","","",""
"Order","Filled","","2026-04-20T16:18:13.597Z","","","","","","KXBTC15M-26APR201230-30","7b31a912-51e4-48b8-942a-c1fb21078f13","0.96","0","","","","","","","","","","","",""
"Order","Filled","","2026-04-20T15:43:59.320Z","","","","","","KXSOL15M-26APR201145-45","2d36b9b4-f8f9-478b-b573-1139cd4dc75a","3.09","0","","","","","","","","","","","",""
"Order","Filled","","2026-04-20T15:38:12.265Z","","","","","","KXSOL15M-26APR201145-45","2d36b9b4-f8f9-478b-b573-1139cd4dc75a","3.09","0","","","","","","","","","","","",""
"Order","Filled","","2026-04-20T13:43:50.521Z","","","","","","KXBTC15M-26APR200945-45","22f0f681-fbc2-4464-90c0-7979a9556917","2.68","0","","","","","","","","","","","",""
"Order","Filled","","2026-04-20T12:34:22.549Z","","","","","","KXBTC15M-26APR200845-45","2b7c7597-2c6f-4891-abb6-0b6154c46a91","0.3","0","","","","","","","","","","","",""
"Order","Filled","","2026-04-20T11:53:28.421Z","","","","","","KXBTC15M-26APR200800-00","feb8068e-58ed-4924-be65-47e821167e64","0.26","0","","","","","","","","","","","",""
"Order","Filled","","2026-04-20T10:49:40.404Z","","","","","","KXBTC15M-26APR200700-00","9c3817dd-6238-4546-91d9-ec787e11fe27","0.82","0","","","","","","","","","","","",""
"Order","Filled","","2026-04-20T10:47:52.531Z","","","","","","KXBTC15M-26APR200700-00","9c3817dd-6238-4546-91d9-ec787e11fe27","0.82","0","","","","","","","","","","","",""
"Order","Filled","","2026-04-20T10:20:54.589Z","","","","","","KXSOL15M-26APR200630-30","05462da0-e84d-465e-8596-8a1cb1162b46","0.33","0","","","","","","","","","","","",""
"Order","Filled","","2026-04-20T10:20:03.402Z","","","","","","KXSOL15M-26APR200630-30","05462da0-e84d-465e-8596-8a1cb1162b46","0.33","0","","","","","","","","","","","",""
"Order","Filled","","2026-04-20T09:58:01.172Z","","","","","","KXSOL15M-26APR200600-00","57c7689b-c138-40a3-b757-9263aa31a008","0.85","0","","","","","","","","","","","",""
"Order","Filled","","2026-04-20T09:56:40.779Z","","","","","","KXBTC15M-26APR200600-00","7ba15b75-a178-4985-b8f6-a016024f3eed","1.71","0","","","","","","","","","","","",""
"Order","Filled","","2026-04-20T09:52:13.508Z","","","","","","KXBTC15M-26APR200600-00","7ba15b75-a178-4985-b8f6-a016024f3eed","0.3","0","","","","","","","","","","","",""
"Order","Filled","","2026-04-20T09:49:35.154Z","","","","","","KXBTC15M-26APR200600-00","7ba15b75-a178-4985-b8f6-a016024f3eed","0.3","0","","","","","","","","","","","",""
"Order","Filled","","2026-04-20T09:25:33.191Z","","","","","","KXSOL15M-26APR200530-30","bc3ca8da-eb30-43ba-9fe7-7fd8b3d64078","0.34","0","","","","","","","","","","","",""
"Order","Filled","","2026-04-20T07:47:37.531Z","","","","","","KXETH15M-26APR200400-00","97f1ef7c-e6e5-4a6a-8f4c-ee0b2d5383c0","0.14","0","","","","","","","","","","","",""
"Order","Filled","","2026-04-20T07:45:44.199Z","","","","","","KXBTC15M-26APR200400-00","55e78cbd-125e-44ed-9252-50f393a9819c","0.15","0","","","","","","","","","","","",""
"Order","Filled","","2026-04-20T07:03:45.725Z","","","","","","KXXRP15M-26APR200315-15","b35b4090-96a3-484c-85db-e4f0a204b872","1.89","0","","","","","","","","","","","",""
"Order","Filled","","2026-04-20T07:01:27.480Z","","","","","","KXXRP15M-26APR200315-15","b35b4090-96a3-484c-85db-e4f0a204b872","1.89","0","","","","","","","","","","","",""
"Order","Filled","","2026-04-20T06:59:18.401Z","","","","","","KXBTC15M-26APR200300-00","382407b1-ea66-4096-ba5a-0d9a2d9376d2","0.27","0","","","","","","","","","","","",""
"Order","Filled","","2026-04-20T06:52:42.874Z","","","","","","KXBTC15M-26APR200300-00","382407b1-ea66-4096-ba5a-0d9a2d9376d2","0.27","0","","","","","","","","","","","",""
"Order","Filled","","2026-04-20T06:22:22.960Z","","","","","","KXSOL15M-26APR200230-30","a3c97ecd-3a63-4238-a9d8-a83ad48021b5","0.19","0","","","","","","","","","","","",""
"Order","Filled","","2026-04-20T06:14:42.395Z","","","","","","KXSOL15M-26APR200215-15","7b8551e2-840c-4ecd-966a-18f7b6a1814d","0.19","0","","","","","","","","","","","",""
"Order","Filled","","2026-04-20T06:04:33.475Z","","","","","","KXSOL15M-26APR200215-15","7b8551e2-840c-4ecd-966a-18f7b6a1814d","0.19","0","","","","","","","","","","","",""
"Order","Filled","","2026-04-20T05:50:38.239Z","","","","","","KXETH15M-26APR200200-00","257575b1-03b4-4117-8f63-75570423630e","0.15","0","","","","","","","","","","","",""
"Order","Filled","","2026-04-20T05:49:03.481Z","","","","","","KXETH15M-26APR200200-00","257575b1-03b4-4117-8f63-75570423630e","0.21","0","","","","","","","","","","","",""
"Order","Filled","","2026-04-20T03:33:32.046Z","","","","","","KXETH15M-26APR192345-45","bb1a429e-441b-49b3-a8f3-afa5f47d1f60","0.16","0","","","","","","","","","","","",""
"Order","Filled","","2026-04-20T03:28:36.631Z","","","","","","KXETH15M-26APR192330-30","2d0b1829-d752-4547-9605-c55d4dd1943b","0.15","0","","","","","","","","","","","",""
"Order","Filled","","2026-04-20T03:04:52.408Z","","","","","","KXETH15M-26APR192315-15","8e82a5fb-db71-4d50-aa58-a5317c71ae1f","0.2","0","","","","","","","","","","","",""
"Order","Filled","","2026-04-20T02:43:21.704Z","","","","","","KXBTC15M-26APR192245-45","291f8f11-2e40-423c-9984-43648a90416e","0.27","0","","","","","","","","","","","",""
"Order","Filled","","2026-04-20T02:37:36.638Z","","","","","","KXETH15M-26APR192245-45","aba3f840-f19c-43bc-85fa-afd886cc75ea","0.21","0","","","","","","","","","","","",""
"Order","Filled","","2026-04-19T23:38:02.974Z","","","","","","KXBTC15M-26APR191945-45","c18dfe3a-8c1d-4aa0-b860-38b19025cc6b","1.07","0","","","","","","","","","","","",""
"Order","Filled","","2026-04-19T23:35:18.149Z","","","","","","KXBTC15M-26APR191945-45","c18dfe3a-8c1d-4aa0-b860-38b19025cc6b","1.07","0","","","","","","","","","","","",""
"Order","Filled","","2026-04-19T21:27:05.749Z","","","","","","KXETH15M-26APR191730-30","207c8869-0559-40c5-8bb0-d32e4a1a7d70","2.05","0","","","","","","","","","","","",""
"Order","Filled","","2026-04-19T21:03:26.305Z","","","","","","KXETH15M-26APR191715-15","36c8e822-8ecd-469d-9fce-820f63b2cd19","1.64","0","","","","","","","","","","","",""
"Order","Filled","","2026-04-19T21:02:03.912Z","","","","","","KXETH15M-26APR191715-15","36c8e822-8ecd-469d-9fce-820f63b2cd19","2.01","0","","","","","","","","","","","",""
"Order","Filled","","2026-04-19T21:01:08.683Z","","","","","","KXETH15M-26APR191715-15","36c8e822-8ecd-469d-9fce-820f63b2cd19","2.01","0","","","","","","","","","","","",""
"Order","Filled","","2026-04-19T18:54:23.399Z","","","","","","KXETH15M-26APR191500-00","abe7f584-0659-4ecc-ba54-788c4fe91ad2","0.79","0","","","","","","","","","","","",""
"Order","Filled","","2026-04-19T18:50:51.035Z","","","","","","KXETH15M-26APR191500-00","abe7f584-0659-4ecc-ba54-788c4fe91ad2","1.64","0","","","","","","","","","","","",""
"Order","Filled","","2026-04-19T18:47:50.786Z","","","","","","KXETH15M-26APR191500-00","abe7f584-0659-4ecc-ba54-788c4fe91ad2","1.64","0","","","","","","","","","","","",""
"Order","Filled","","2026-04-19T17:27:15.502Z","","","","","","KXBTC15M-26APR191330-30","4c1a7dd2-bf16-457b-86ef-819207e38d1f","1.41","0","","","","","","","","","","","",""
"Order","Filled","","2026-04-19T17:26:28.775Z","","","","","","KXETH15M-26APR191330-30","4dd3e38a-21a7-497b-9bbe-2281dfb04912","1.25","0","","","","","","","","","","","",""
"Order","Filled","","2026-04-19T17:19:47.783Z","","","","","","KXBTC15M-26APR191330-30","4c1a7dd2-bf16-457b-86ef-819207e38d1f","1.41","0","","","","","","","","","","","",""
"Order","Filled","","2026-04-19T17:18:26.497Z","","","","","","KXETH15M-26APR191330-30","4dd3e38a-21a7-497b-9bbe-2281dfb04912","1.25","0","","","","","","","","","","","",""
"Order","Filled","","2026-04-19T16:01:05.014Z","","","","","","KXBTCD-26APR2417-T75499.99","e31fa45a-3c40-402e-b5e0-89f0316d664c","3.4","0","","","","","","","","","","","",""
"Order","Filled","","2026-04-19T15:59:37.291Z","","","","","","KXBTCD-26APR2417-T75499.99","e31fa45a-3c40-402e-b5e0-89f0316d664c","1.7","0","","","","","","","","","","","",""
"Order","Filled","","2026-04-19T15:56:04.371Z","","","","","","KXBTCD-26APR2417-T75499.99","e31fa45a-3c40-402e-b5e0-89f0316d664c","1.7","0","","","","","","","","","","","",""
"Order","Filled","","2026-04-19T15:54:59.107Z","","","","","","KXETHD-26APR1912-T2329.99","18eeacf7-6a43-4f52-a8ab-14519fdc9079","1.19","0","","","","","","","","","","","",""
"Deposit","Applied","15","2026-04-19T15:50:33.578Z","","April 19, 2026 at 11:50:33 AM EDT","debit","0","","","","","","","","","","","","","","","","",""